test_id,rep_index,start_frame,end_frame,label,label_source,notes
1,0,0,398,Perfect,manual_full_session,"normal-speed baseline; full ROM, reaches TOP"
2,0,0,340,Perfect,manual_full_session,"normal-speed baseline; full ROM, reaches TOP"
3,0,0,305,Perfect,manual_full_session,"normal-speed baseline; full ROM, reaches TOP"
4,0,0,305,Perfect,manual_full_session,"normal-speed baseline; full ROM, reaches TOP"
5,0,0,319,Perfect,manual_full_session,"normal-speed baseline; full ROM, reaches TOP"
6,0,0,161,Heave,manual_full_session,"fast/deliberate momentum; flex_range ~101-115 vs ~124-157 elsewhere, consistent with truncated, less-controlled ROM from heaving"
7,0,0,161,Heave,manual_full_session,"fast/deliberate momentum; flex_range ~101-115 vs ~124-157 elsewhere, consistent with truncated, less-controlled ROM from heaving"
8,0,0,149,Heave,manual_full_session,"fast/deliberate momentum; flex_range ~101-115 vs ~124-157 elsewhere, consistent with truncated, less-controlled ROM from heaving"
9,0,0,172,Heave,manual_full_session,"fast/deliberate momentum; flex_range ~101-115 vs ~124-157 elsewhere, consistent with truncated, less-controlled ROM from heaving"
10,0,0,192,Heave,manual_full_session,"fast/deliberate momentum; flex_range ~101-115 vs ~124-157 elsewhere, consistent with truncated, less-controlled ROM from heaving"
11,0,0,490,Perfect,manual_full_session,"slow tempo, still correct form; full ROM, reaches TOP"
12,0,0,622,Perfect,manual_full_session,"slow tempo, still correct form; full ROM, reaches TOP"
13,0,0,519,Perfect,manual_full_session,"slow tempo, still correct form; full ROM, reaches TOP"
14,0,0,496,Perfect,manual_full_session,"slow tempo, still correct form; full ROM, reaches TOP"
15,0,0,408,Perfect,manual_full_session,"slow tempo, still correct form; full ROM, reaches TOP"
16,0,0,231,Half,manual_full_session,"half reps; flex_range 53-72 vs 124-157 elsewhere, never reaches TOP"
17,0,0,197,Half,manual_full_session,"half reps; flex_range 53-72 vs 124-157 elsewhere, never reaches TOP"
18,0,0,247,Half,manual_full_session,"half reps; flex_range 53-72 vs 124-157 elsewhere, never reaches TOP"
19,0,0,265,Half,manual_full_session,"half reps; flex_range 53-72 vs 124-157 elsewhere, never reaches TOP"
20,0,0,269,Half,manual_full_session,"half reps; flex_range 53-72 vs 124-157 elsewhere, never reaches TOP"
21,0,0,276,Half,manual_full_session,"half reps; flex_range 53-72 vs 124-157 elsewhere, never reaches TOP"
22,0,0,252,Half,manual_full_session,"half reps; flex_range 53-72 vs 124-157 elsewhere, never reaches TOP"
23,0,0,231,Half,manual_full_session,"half reps; flex_range 53-72 vs 124-157 elsewhere, never reaches TOP"
24,0,0,361,Drag,manual_full_session,"elbow flare; Drift spikes to +21..+33 vs roughly [-14,+8] in every other group"
25,0,0,331,Drag,manual_full_session,"elbow flare; Drift spikes to +21..+33 vs roughly [-14,+8] in every other group"
26,0,0,386,Drag,manual_full_session,"elbow flare; Drift spikes to +21..+33 vs roughly [-14,+8] in every other group"
27,0,0,369,Drag,manual_full_session,"elbow flare; Drift spikes to +21..+33 vs roughly [-14,+8] in every other group"
28,0,0,344,Drag,manual_full_session,"elbow flare; Drift spikes to +21..+33 vs roughly [-14,+8] in every other group"
29,0,0,233,Drag,manual_full_session,"elbow flare; Drift spikes to +21..+33 vs roughly [-14,+8] in every other group"
30,0,0,248,Drag,manual_full_session,"elbow flare; Drift spikes to +21..+33 vs roughly [-14,+8] in every other group"
36,0,0,151,Swing,manual_full_session,"user-provided Swing recording (2nd batch); Drift sits at a near-constant -43..-53, outside every other class's range including this same batch's own Incomplete recordings (-21..+16) -- flagged as a likely sensor-calibration offset rather than a confirmed swing-motion signal, trained on as-is per an explicit decision (see README)"
37,0,0,162,Swing,manual_full_session,"user-provided Swing recording (2nd batch); Drift sits at a near-constant -43..-53, outside every other class's range including this same batch's own Incomplete recordings (-21..+16) -- flagged as a likely sensor-calibration offset rather than a confirmed swing-motion signal, trained on as-is per an explicit decision (see README)"
38,0,0,123,Swing,manual_full_session,"user-provided Swing recording (2nd batch); Drift sits at a near-constant -43..-53, outside every other class's range including this same batch's own Incomplete recordings (-21..+16) -- flagged as a likely sensor-calibration offset rather than a confirmed swing-motion signal, trained on as-is per an explicit decision (see README)"
39,0,0,164,Swing,manual_full_session,"user-provided Swing recording (2nd batch); Drift sits at a near-constant -43..-53, outside every other class's range including this same batch's own Incomplete recordings (-21..+16) -- flagged as a likely sensor-calibration offset rather than a confirmed swing-motion signal, trained on as-is per an explicit decision (see README)"
40,0,0,156,Swing,manual_full_session,"user-provided Swing recording (2nd batch); Drift sits at a near-constant -43..-53, outside every other class's range including this same batch's own Incomplete recordings (-21..+16) -- flagged as a likely sensor-calibration offset rather than a confirmed swing-motion signal, trained on as-is per an explicit decision (see README)"
41,0,0,202,Incomplete,manual_full_session,"user-provided Incomplete recording (2nd batch, 1 of 5 candidates used); flex rises then the session ends at 56% of the way to peak, consistent with a genuinely truncated rep -- the other 4 candidate recordings ended back near their own baseline (a completed cycle) and were excluded as not matching this class's definition"
31,0,0,219,Perfect,peak_detection_segmented,"peak-detected segment [0,219] of 863; local flex_range=121.8; first rep of the session -- starts from the true hanging-down baseline, full ROM"
31,1,219,397,Half,peak_detection_segmented,"peak-detected segment [219,397] of 863; local flex_range=76.3; later rep -- starts from the prior rep's un-reset position, reduced ROM"
31,2,397,554,Half,peak_detection_segmented,"peak-detected segment [397,554] of 863; local flex_range=82.1; later rep -- starts from the prior rep's un-reset position, reduced ROM"
31,3,554,862,Half,peak_detection_segmented,"peak-detected segment [554,862] of 863; local flex_range=78.0; later rep -- starts from the prior rep's un-reset position, reduced ROM"
32,0,0,222,Perfect,peak_detection_segmented,"peak-detected segment [0,222] of 726; local flex_range=121.6; first rep of the session -- starts from the true hanging-down baseline, full ROM"
32,1,222,376,Half,peak_detection_segmented,"peak-detected segment [222,376] of 726; local flex_range=77.7; later rep -- starts from the prior rep's un-reset position, reduced ROM"
32,2,376,508,Half,peak_detection_segmented,"peak-detected segment [376,508] of 726; local flex_range=69.8; later rep -- starts from the prior rep's un-reset position, reduced ROM"
32,3,508,725,Half,peak_detection_segmented,"peak-detected segment [508,725] of 726; local flex_range=79.9; later rep -- starts from the prior rep's un-reset position, reduced ROM"
33,0,0,253,Perfect,peak_detection_segmented,"peak-detected segment [0,253] of 884; local flex_range=124.3; first rep of the session -- starts from the true hanging-down baseline, full ROM"
33,1,253,444,Half,peak_detection_segmented,"peak-detected segment [253,444] of 884; local flex_range=73.0; later rep -- starts from the prior rep's un-reset position, reduced ROM"
33,2,444,644,Half,peak_detection_segmented,"peak-detected segment [444,644] of 884; local flex_range=76.9; later rep -- starts from the prior rep's un-reset position, reduced ROM"
33,3,644,883,Half,peak_detection_segmented,"peak-detected segment [644,883] of 884; local flex_range=74.9; later rep -- starts from the prior rep's un-reset position, reduced ROM"
34,0,0,248,Perfect,peak_detection_segmented,"peak-detected segment [0,248] of 961; local flex_range=127.6; first rep of the session -- starts from the true hanging-down baseline, full ROM"
34,1,248,405,Half,peak_detection_segmented,"peak-detected segment [248,405] of 961; local flex_range=79.5; later rep -- starts from the prior rep's un-reset position, reduced ROM"
34,2,405,572,Half,peak_detection_segmented,"peak-detected segment [405,572] of 961; local flex_range=82.7; later rep -- starts from the prior rep's un-reset position, reduced ROM"
34,3,572,721,Half,peak_detection_segmented,"peak-detected segment [572,721] of 961; local flex_range=76.9; later rep -- starts from the prior rep's un-reset position, reduced ROM"
34,4,721,960,Half,peak_detection_segmented,"peak-detected segment [721,960] of 961; local flex_range=75.9; later rep -- starts from the prior rep's un-reset position, reduced ROM"
35,0,0,250,Perfect,peak_detection_segmented,"peak-detected segment [0,250] of 935; local flex_range=122.7; first rep of the session -- starts from the true hanging-down baseline, full ROM"
35,1,250,426,Half,peak_detection_segmented,"peak-detected segment [250,426] of 935; local flex_range=64.2; later rep -- starts from the prior rep's un-reset position, reduced ROM"
35,2,426,584,Half,peak_detection_segmented,"peak-detected segment [426,584] of 935; local flex_range=68.3; later rep -- starts from the prior rep's un-reset position, reduced ROM"
35,3,584,760,Half,peak_detection_segmented,"peak-detected segment [584,760] of 935; local flex_range=74.3; later rep -- starts from the prior rep's un-reset position, reduced ROM"
35,4,760,934,Half,peak_detection_segmented,"peak-detected segment [760,934] of 935; local flex_range=73.5; later rep -- starts from the prior rep's un-reset position, reduced ROM"
